Koronawirus,
Wybory prezydenckie w Polsce w 2020 roku,
Kobe Bryant,
Zoom (oprogramowanie),
Inicjatywa Polska,
Indie vs.Nowa Zelandia,
Koronawirus aktualizacje,
Koronawirus objawy,
Joe Biden,
Google Classroom,
Parasite,
Don Stanisloa (film)
Jak zostałem gansterem
Psy 3
Megan is missing (film)
Nic się nie stało,
Zabawa w chowanego
W lesie dziś nie zaśnie nikt
Mayday
Joe Biden
Kim Jong Un
Boris Johnson
Kamala Harris
Tom Hanks
Kanye West
Ghislaine Maxwell
August Alsina
Ryan Newman
Vanessa Bryant
Dom z papieru
Gambit królowej
Więzień miłości
Brzydula 2
Cena wolności
W głębi lasu
Przysięga
Zawsze warto
La Bandida
Unorthodox
Parasite
1917 (film)
Czarna Pantera  (film)
365 Dni
Epidemia strachu
Tenet
Enola Holmes
Ptaki Nocy (i fantastyczna emancypacja pewnej Harley Quinn)
Mulan
Jojo Rabbit
Król Tygrysów
Big Brother Brazylia
Dom z papieru
Cobra Kai
The Umbrella Academy
Emily w Paryżu
Ozark
Gambit królowej
Outer Banks
Locke & Key
Among Us
Valorant
Fall Guys
Fifa 21
The Last of Us 2
Assassin’s Creed Valhalla
Moviestar Planet 2
Genshin Impact
Call of Duty: Warzone
Ghost of Tsushima
Among Us
Fall Guys: Ultimate Knockout
Valorant
Genshin Impact
The Last of Us 2
Ghost of Tsushima
FIFA 21
Animal Crossing
Call of Duty: Warzone
Dragon Quest Wa